{"cameraMode":{"drawMode":0,"name":"Shaded","section":"Shading Mode"},"sceneLighting":true,"audioPlay":false,"sceneViewState":{"m_AlwaysRefresh":false,"showFog":true,"showSkybox":true,"showFlares":true,"showImageEffects":true,"showParticleSystems":true,"showVisualEffectGraphs":true,"m_FxEnabled":true},"in2DMode":false,"pivot":{"x":2.1960809230804445,"y":7.045077800750732,"z":-11.50263786315918},"rotation":{"x":0.619544267654419,"y":-0.0001363638584734872,"z":0.0002941313141491264,"w":0.7850625514984131},"size":13.936054229736329,"orthographic":false}