{"cameraMode":{"drawMode":0,"name":"Shaded","section":"Shading Mode"},"sceneLighting":true,"audioPlay":false,"sceneViewState":{"m_AlwaysRefresh":false,"showFog":true,"showSkybox":true,"showFlares":true,"showImageEffects":true,"showParticleSystems":true,"showVisualEffectGraphs":true,"m_FxEnabled":true},"in2DMode":false,"pivot":{"x":3.8959381580352785,"y":16.258413314819337,"z":-10.059186935424805},"rotation":{"x":-0.01499956101179123,"y":0.004499878268688917,"z":0.00007155709317885339,"w":0.999885618686676},"size":13.328643798828125,"orthographic":false}