{"cameraMode":{"drawMode":0,"name":"Shaded","section":"Shading Mode"},"sceneLighting":true,"audioPlay":false,"sceneViewState":{"m_AlwaysRefresh":false,"showFog":true,"showSkybox":true,"showFlares":true,"showImageEffects":true,"showParticleSystems":true,"showVisualEffectGraphs":true,"m_FxEnabled":true},"in2DMode":false,"pivot":{"x":20.505290985107423,"y":-3.7438406944274904,"z":-15.44271183013916},"rotation":{"x":0.09522445499897003,"y":0.9005933403968811,"z":-0.2507011890411377,"w":0.34207412600517275},"size":25.569904327392579,"orthographic":false}