{"cameraMode":{"drawMode":0,"name":"Shaded","section":"Shading Mode"},"sceneLighting":true,"audioPlay":false,"sceneViewState":{"m_AlwaysRefresh":false,"showFog":true,"showSkybox":true,"showFlares":true,"showImageEffects":true,"showParticleSystems":true,"showVisualEffectGraphs":true,"m_FxEnabled":true},"in2DMode":false,"pivot":{"x":1.3928894996643067,"y":7.689475059509277,"z":-16.234508514404298},"rotation":{"x":-0.3339572548866272,"y":-0.0025485323276370765,"z":0.0009026502375490964,"w":-0.9425852298736572},"size":10.158415794372559,"orthographic":false}