{"cameraMode":{"drawMode":0,"name":"Shaded","section":"Shading Mode"},"sceneLighting":true,"audioPlay":false,"sceneViewState":{"m_AlwaysRefresh":false,"showFog":true,"showSkybox":true,"showFlares":true,"showImageEffects":true,"showParticleSystems":true,"showVisualEffectGraphs":true,"m_FxEnabled":true},"in2DMode":false,"pivot":{"x":-1.6888835430145264,"y":8.774879455566407,"z":-6.029794692993164},"rotation":{"x":-0.04379449039697647,"y":0.006591275334358215,"z":-0.0002874223282560706,"w":-0.9990232586860657},"size":14.779428482055664,"orthographic":false}