{"cameraMode":{"drawMode":0,"name":"Shaded","section":"Shading Mode"},"sceneLighting":true,"audioPlay":false,"sceneViewState":{"m_AlwaysRefresh":false,"showFog":true,"showSkybox":true,"showFlares":true,"showImageEffects":true,"showParticleSystems":true,"showVisualEffectGraphs":true,"m_FxEnabled":true},"in2DMode":false,"pivot":{"x":-2.7122814655303957,"y":9.661863327026368,"z":0.7544898986816406},"rotation":{"x":-0.019253049045801164,"y":-0.15830117464065553,"z":-0.003087563207373023,"w":0.9872000813484192},"size":10.345512390136719,"orthographic":false}