{"cameraMode":{"drawMode":0,"name":"Shaded","section":"Shading Mode"},"sceneLighting":true,"audioPlay":false,"sceneViewState":{"m_AlwaysRefresh":false,"showFog":true,"showSkybox":true,"showFlares":true,"showImageEffects":true,"showParticleSystems":true,"showVisualEffectGraphs":true,"m_FxEnabled":true},"in2DMode":false,"pivot":{"x":-1.8510440587997437,"y":10.695043563842774,"z":-22.70870018005371},"rotation":{"x":0.11026900261640549,"y":-0.09465973824262619,"z":0.010549983941018582,"w":0.9893299341201782},"size":0.0017903322586789728,"orthographic":false}