{"cameraMode":{"drawMode":0,"name":"Shaded","section":"Shading Mode"},"sceneLighting":true,"audioPlay":false,"sceneViewState":{"m_AlwaysRefresh":false,"showFog":true,"showSkybox":true,"showFlares":true,"showImageEffects":true,"showParticleSystems":true,"showVisualEffectGraphs":true,"m_FxEnabled":true},"in2DMode":false,"pivot":{"x":-15.247940063476563,"y":5.845527648925781,"z":-0.026943406090140344},"rotation":{"x":0.054653674364089969,"y":0.765568196773529,"z":0.06561631709337235,"w":-0.6376636624336243},"size":1.339290976524353,"orthographic":false}