{"cameraMode":{"drawMode":0,"name":"Shaded","section":"Shading Mode"},"sceneLighting":true,"audioPlay":false,"sceneViewState":{"m_AlwaysRefresh":false,"showFog":true,"showSkybox":true,"showFlares":true,"showImageEffects":true,"showParticleSystems":true,"showVisualEffectGraphs":true,"m_FxEnabled":true},"in2DMode":false,"pivot":{"x":-2.0358073711395265,"y":12.307863235473633,"z":-32.33510971069336},"rotation":{"x":0.040170278400182727,"y":0.02157769910991192,"z":0.0008694032439962029,"w":-0.9989665150642395},"size":0.31593209505081179,"orthographic":false}