{"cameraMode":{"drawMode":0,"name":"Shaded","section":"Shading Mode"},"sceneLighting":true,"audioPlay":false,"sceneViewState":{"m_AlwaysRefresh":false,"showFog":true,"showSkybox":true,"showFlares":true,"showImageEffects":true,"showParticleSystems":true,"showVisualEffectGraphs":true,"m_FxEnabled":true},"in2DMode":false,"pivot":{"x":0.27780789136886599,"y":5.083028793334961,"z":5.1984543800354},"rotation":{"x":-0.17635700106620789,"y":0.01682749018073082,"z":-0.0030150762759149076,"w":-0.9841830730438232},"size":18.358028411865236,"orthographic":false}