{"cameraMode":{"drawMode":0,"name":"Shaded","section":"Shading Mode"},"sceneLighting":true,"audioPlay":false,"sceneViewState":{"m_AlwaysRefresh":false,"showFog":true,"showSkybox":true,"showFlares":true,"showImageEffects":true,"showParticleSystems":true,"showVisualEffectGraphs":true,"m_FxEnabled":true},"in2DMode":false,"pivot":{"x":-1.7510255575180054,"y":17.608264923095704,"z":-6.829599380493164},"rotation":{"x":0.040170278400182727,"y":0.02157769910991192,"z":0.0008694032439962029,"w":-0.9989665150642395},"size":19.542301177978517,"orthographic":false}