{"cameraMode":{"drawMode":0,"name":"Shaded","section":"Shading Mode"},"sceneLighting":true,"audioPlay":false,"sceneViewState":{"m_AlwaysRefresh":false,"showFog":true,"showSkybox":true,"showFlares":true,"showImageEffects":true,"showParticleSystems":true,"showVisualEffectGraphs":true,"m_FxEnabled":true},"in2DMode":false,"pivot":{"x":1.7312477827072144,"y":14.482600212097168,"z":-6.739288330078125},"rotation":{"x":0.040170278400182727,"y":0.02157769910991192,"z":0.0008694032439962029,"w":-0.9989665150642395},"size":13.150101661682129,"orthographic":false}