{"cameraMode":{"drawMode":0,"name":"Shaded","section":"Shading Mode"},"sceneLighting":true,"audioPlay":false,"sceneViewState":{"m_AlwaysRefresh":false,"showFog":true,"showSkybox":true,"showFlares":true,"showImageEffects":true,"showParticleSystems":true,"showVisualEffectGraphs":true,"m_FxEnabled":true},"in2DMode":false,"pivot":{"x":-6.720858573913574,"y":6.842376232147217,"z":0.5734443664550781},"rotation":{"x":-0.09467476606369019,"y":0.17437903583049775,"z":-0.01684829778969288,"w":-0.9799879789352417},"size":10.026182174682618,"orthographic":false}