{"cameraMode":{"drawMode":0,"name":"Shaded","section":"Shading Mode"},"sceneLighting":true,"audioPlay":false,"sceneViewState":{"m_AlwaysRefresh":false,"showFog":true,"showSkybox":true,"showFlares":true,"showImageEffects":true,"showParticleSystems":true,"showVisualEffectGraphs":true,"m_FxEnabled":true},"in2DMode":false,"pivot":{"x":250.4318389892578,"y":303.6855163574219,"z":-125.89230346679688},"rotation":{"x":-0.057278163731098178,"y":0.003591794054955244,"z":-0.00020450192096177489,"w":-0.9983550310134888},"size":137.16940307617188,"orthographic":false}