{"cameraMode":{"drawMode":0,"name":"Shaded","section":"Shading Mode"},"sceneLighting":true,"audioPlay":false,"sceneViewState":{"m_AlwaysRefresh":false,"showFog":true,"showSkybox":true,"showFlares":true,"showImageEffects":true,"showParticleSystems":true,"showVisualEffectGraphs":true,"m_FxEnabled":true},"in2DMode":false,"pivot":{"x":1.1170759201049805,"y":7.792255401611328,"z":-17.22776985168457},"rotation":{"x":-0.049771882593631747,"y":-0.026367073878645898,"z":0.001313157263211906,"w":-0.9984145164489746},"size":8.464166641235352,"orthographic":false}