{"cameraMode":{"drawMode":0,"name":"Shaded","section":"Shading Mode"},"sceneLighting":true,"audioPlay":false,"sceneViewState":{"m_AlwaysRefresh":false,"showFog":true,"showSkybox":true,"showFlares":true,"showImageEffects":true,"showParticleSystems":true,"showVisualEffectGraphs":true,"m_FxEnabled":true},"in2DMode":false,"pivot":{"x":0.15042394399642945,"y":7.792255401611328,"z":-17.17667579650879},"rotation":{"x":-0.10806918144226074,"y":0.022959861904382707,"z":-0.0024965626653283836,"w":-0.9938753247261047},"size":4.382634162902832,"orthographic":false}
